profile,source_file,options,threads,workers,threads_per_worker,model_load_ms,case,questions,request_sha256,input_tokens,p50_ms,p95_ms,mean_ms,decisions_per_second,first_call_ms,max_rounded_probability_error,max_other_numeric_error,categorical_mismatch_count,matching_top_options,decisions,top_option_agreement
blackwell,blackwell.json,{},96,1,,2815.5746939592063,1-short,1,da98b5ec5dff8bff4a9ba124c84677565b54cf546d23634345bb47f56ce7d6c7,63,3.5695229889824986,3.5815023235045373,3.5694024059921503,280.15894154193586,395.36662702448666,0.00039999999999995595,0.0011999999999999789,0,1,1,1.0
blackwell,blackwell.json,{},96,1,,2815.5746939592063,16-short,16,60b67ccbbe143c6ced6d1e8f2020f25a8e4fb6b671950e352f7557bd8247b18a,993,13.031089911237359,13.125202630180866,13.022060203365982,1228.6842289259475,97.55927906371653,0.0007000000000000339,0.0011999999999999789,0,16,16,1.0
blackwell,blackwell.json,{},96,1,,2815.5746939592063,1-long,1,6c8d2da685689c3c33a26855bddf64ac54d97c6e5a5147feab971b3ec6e3920a,512,8.687722031027079,8.752408798318356,8.697090158239007,114.98098580163284,80.91969205997884,0.0007000000000000339,0.0010999999999999899,0,1,1,1.0
blackwell,blackwell.json,{},96,1,,2815.5746939592063,16-long,16,c78ea353c2e5e6c0579bcfa38baf6cfaa3e678c7db11394d22468411dc20dfc6,8192,99.51925952918828,100.36140965530649,99.60665295366198,160.6318406004804,451.83211006224155,0.0029000000000000137,0.0048000000000000265,0,16,16,1.0
cpu-pool,cpu-pool.json,"{""precision"": ""mlp-bf16"", ""threads"": 8, ""workers"": 12}",96,12,8,5178.793192142621,1-short,1,da98b5ec5dff8bff4a9ba124c84677565b54cf546d23634345bb47f56ce7d6c7,63,75.40566998068243,116.49362348252907,87.43743440136313,11.436749109194016,115.00867595896125,0.00039999999999995595,0.0012999999999999678,0,1,1,1.0
cpu-pool,cpu-pool.json,"{""precision"": ""mlp-bf16"", ""threads"": 8, ""workers"": 12}",96,12,8,5178.793192142621,16-short,16,60b67ccbbe143c6ced6d1e8f2020f25a8e4fb6b671950e352f7557bd8247b18a,993,153.211654513143,164.68150697182867,156.3079942483455,102.36200699101069,168.7663090415299,0.0010000000000000009,0.0012999999999999678,0,16,16,1.0
cpu-pool,cpu-pool.json,"{""precision"": ""mlp-bf16"", ""threads"": 8, ""workers"": 12}",96,12,8,5178.793192142621,1-long,1,6c8d2da685689c3c33a26855bddf64ac54d97c6e5a5147feab971b3ec6e3920a,512,379.22646838705987,401.0255198809318,384.0261406847276,2.6039894008698905,409.8049718886614,0.0007000000000000339,0.0010999999999999899,0,1,1,1.0
cpu-pool,cpu-pool.json,"{""precision"": ""mlp-bf16"", ""threads"": 8, ""workers"": 12}",96,12,8,5178.793192142621,16-long,16,c78ea353c2e5e6c0579bcfa38baf6cfaa3e678c7db11394d22468411dc20dfc6,8192,994.4920655107126,1036.369050340727,1002.017261669971,15.967788791716277,969.633927103132,0.0007000000000000339,0.0010999999999999899,0,16,16,1.0
cpu,cpu.json,"{""max_batch_tokens"": 4096, ""precision"": ""mlp-bf16"", ""threads"": 32}",32,1,,1808.643101947382,1-short,1,da98b5ec5dff8bff4a9ba124c84677565b54cf546d23634345bb47f56ce7d6c7,63,58.809794485569,59.3848708900623,58.74569332227111,17.022524434499942,79.12405184470117,0.0005999999999999339,0.0020000000000000018,0,1,1,1.0
cpu,cpu.json,"{""max_batch_tokens"": 4096, ""precision"": ""mlp-bf16"", ""threads"": 32}",32,1,,1808.643101947382,16-short,16,60b67ccbbe143c6ced6d1e8f2020f25a8e4fb6b671950e352f7557bd8247b18a,993,290.1958564762026,320.4339913907461,295.78122737584636,54.094034776821566,302.1357129327953,0.0010000000000000009,0.0012999999999999678,0,16,16,1.0
cpu,cpu.json,"{""max_batch_tokens"": 4096, ""precision"": ""mlp-bf16"", ""threads"": 32}",32,1,,1808.643101947382,1-long,1,6c8d2da685689c3c33a26855bddf64ac54d97c6e5a5147feab971b3ec6e3920a,512,206.38860063627362,208.41973377391696,205.98308012122288,4.854767680003091,198.6330549698323,0.0007000000000000339,0.0010999999999999899,0,1,1,1.0
cpu,cpu.json,"{""max_batch_tokens"": 4096, ""precision"": ""mlp-bf16"", ""threads"": 32}",32,1,,1808.643101947382,16-long,16,c78ea353c2e5e6c0579bcfa38baf6cfaa3e678c7db11394d22468411dc20dfc6,8192,2942.209130967967,3033.556432160549,2928.0917007126845,5.4643097400623315,2743.548351107165,0.0007000000000000339,0.0010999999999999899,0,16,16,1.0
gpu-compiled-mixed-bf16,gpu-compiled-mixed-bf16.json,"{""capture_warmups"": 1, ""compile_model"": true, ""dtype"": ""mixed-bf16"", ""graphs"": true}",4,1,,2731.5680331084877,1-short,1,da98b5ec5dff8bff4a9ba124c84677565b54cf546d23634345bb47f56ce7d6c7,63,2.6284600608050823,2.645521447993815,2.6303154532797635,380.1825361870916,35750.56657101959,0.000300000000000078,0.0010000000000000009,0,1,1,1.0
gpu-compiled-mixed-bf16,gpu-compiled-mixed-bf16.json,"{""capture_warmups"": 1, ""compile_model"": true, ""dtype"": ""mixed-bf16"", ""graphs"": true}",4,1,,2731.5680331084877,16-short,16,60b67ccbbe143c6ced6d1e8f2020f25a8e4fb6b671950e352f7557bd8247b18a,993,10.922152432613075,10.990332253277302,10.935113101731986,1463.176452876907,44212.99098501913,0.005599999999999994,0.010600000000000054,0,16,16,1.0
gpu-compiled-mixed-bf16,gpu-compiled-mixed-bf16.json,"{""capture_warmups"": 1, ""compile_model"": true, ""dtype"": ""mixed-bf16"", ""graphs"": true}",4,1,,2731.5680331084877,1-long,1,6c8d2da685689c3c33a26855bddf64ac54d97c6e5a5147feab971b3ec6e3920a,512,7.9656795132905245,8.00367621704936,7.95481518143788,125.71002307299918,36918.188891839236,0.0007000000000000339,0.0010999999999999899,0,1,1,1.0
gpu-compiled-mixed-bf16,gpu-compiled-mixed-bf16.json,"{""capture_warmups"": 1, ""compile_model"": true, ""dtype"": ""mixed-bf16"", ""graphs"": true}",4,1,,2731.5680331084877,16-long,16,c78ea353c2e5e6c0579bcfa38baf6cfaa3e678c7db11394d22468411dc20dfc6,8192,87.39718655124307,87.77107308851555,87.42111424217,183.02214675138464,44698.32881912589,0.0013999999999999568,0.0018000000000000238,0,16,16,1.0
gpu-compiled,gpu-compiled.json,"{""capture_warmups"": 1, ""compile_model"": true, ""dtype"": ""fp16"", ""graphs"": true}",4,1,,2769.6105209179223,1-short,1,da98b5ec5dff8bff4a9ba124c84677565b54cf546d23634345bb47f56ce7d6c7,63,2.566984388977289,2.5842360802926123,2.569289389066398,389.2126765694423,36730.62942712568,0.0,9.999999999998899e-05,0,1,1,1.0
gpu-compiled,gpu-compiled.json,"{""capture_warmups"": 1, ""compile_model"": true, ""dtype"": ""fp16"", ""graphs"": true}",4,1,,2769.6105209179223,16-short,16,60b67ccbbe143c6ced6d1e8f2020f25a8e4fb6b671950e352f7557bd8247b18a,993,11.054691975004971,11.071338737383485,11.052247183397412,1447.6693955990288,45740.64136389643,0.000300000000000078,0.00039999999999995595,0,16,16,1.0
gpu-compiled,gpu-compiled.json,"{""capture_warmups"": 1, ""compile_model"": true, ""dtype"": ""fp16"", ""graphs"": true}",4,1,,2769.6105209179223,1-long,1,6c8d2da685689c3c33a26855bddf64ac54d97c6e5a5147feab971b3ec6e3920a,512,8.140305057168007,8.204741531517357,8.123883453663439,123.09383876612031,37971.164513845,0.0006000000000000449,0.0010000000000000009,0,1,1,1.0
gpu-compiled,gpu-compiled.json,"{""capture_warmups"": 1, ""compile_model"": true, ""dtype"": ""fp16"", ""graphs"": true}",4,1,,2769.6105209179223,16-long,16,c78ea353c2e5e6c0579bcfa38baf6cfaa3e678c7db11394d22468411dc20dfc6,8192,88.77525094430894,89.64566086651757,88.93984481692314,179.89687336350715,45709.03207780793,0.0010000000000000009,0.0015999999999999903,0,16,16,1.0
gpu-mixed-bf16,gpu-mixed-bf16.json,"{""capture_warmups"": 1, ""dtype"": ""mixed-bf16"", ""graphs"": true}",4,1,,2179.2294778861105,1-short,1,da98b5ec5dff8bff4a9ba124c84677565b54cf546d23634345bb47f56ce7d6c7,63,4.48053958825767,4.496594530064613,4.481230978854001,223.15296951190254,607.8115338459611,0.0010999999999999899,0.0033000000000000806,0,1,1,1.0
gpu-mixed-bf16,gpu-mixed-bf16.json,"{""capture_warmups"": 1, ""dtype"": ""mixed-bf16"", ""graphs"": true}",4,1,,2179.2294778861105,16-short,16,60b67ccbbe143c6ced6d1e8f2020f25a8e4fb6b671950e352f7557bd8247b18a,993,17.35018112231046,17.407439893577248,17.360259068664163,921.6452321774693,52.33846209011972,0.0007000000000000339,0.0011999999999999789,0,16,16,1.0
gpu-mixed-bf16,gpu-mixed-bf16.json,"{""capture_warmups"": 1, ""dtype"": ""mixed-bf16"", ""graphs"": true}",4,1,,2179.2294778861105,1-long,1,6c8d2da685689c3c33a26855bddf64ac54d97c6e5a5147feab971b3ec6e3920a,512,11.137770023196936,11.188391444738954,11.137660371605307,89.78546361042133,36.7707391269505,0.000300000000000078,0.00040000000000001146,0,1,1,1.0
gpu-mixed-bf16,gpu-mixed-bf16.json,"{""capture_warmups"": 1, ""dtype"": ""mixed-bf16"", ""graphs"": true}",4,1,,2179.2294778861105,16-long,16,c78ea353c2e5e6c0579bcfa38baf6cfaa3e678c7db11394d22468411dc20dfc6,8192,140.8632134553045,141.06352896196768,140.8991149510257,113.55642656493156,302.83925705589354,0.0020000000000000018,0.0020000000000000018,0,16,16,1.0
gpu,gpu.json,"{""capture_warmups"": 1, ""dtype"": ""fp16"", ""graphs"": true}",4,1,,2211.2163591664284,1-short,1,da98b5ec5dff8bff4a9ba124c84677565b54cf546d23634345bb47f56ce7d6c7,63,4.473969107493758,4.488811735063791,4.472596454434097,223.58377514890884,690.203808946535,0.00010000000000000286,0.00010000000000010001,0,1,1,1.0
gpu,gpu.json,"{""capture_warmups"": 1, ""dtype"": ""fp16"", ""graphs"": true}",4,1,,2211.2163591664284,16-short,16,60b67ccbbe143c6ced6d1e8f2020f25a8e4fb6b671950e352f7557bd8247b18a,993,17.446741578169167,17.72206221939996,17.50680737895891,913.9302017585507,52.967278053984046,0.00010000000000001674,9.999999999998899e-05,0,16,16,1.0
gpu,gpu.json,"{""capture_warmups"": 1, ""dtype"": ""fp16"", ""graphs"": true}",4,1,,2211.2163591664284,1-long,1,6c8d2da685689c3c33a26855bddf64ac54d97c6e5a5147feab971b3ec6e3920a,512,10.749685461632907,10.788003355264664,10.75233209412545,93.00307981989798,39.210641058161855,0.0006000000000000449,0.0009000000000000119,0,1,1,1.0
gpu,gpu.json,"{""capture_warmups"": 1, ""dtype"": ""fp16"", ""graphs"": true}",4,1,,2211.2163591664284,16-long,16,c78ea353c2e5e6c0579bcfa38baf6cfaa3e678c7db11394d22468411dc20dfc6,8192,145.96768165938556,146.19201702298597,145.956466300413,109.62172766685244,316.99670501984656,0.0008000000000000229,0.0013000000000000234,0,16,16,1.0
hybrid-compiled,hybrid-compiled.json,"{""compile_model"": true, ""cpu_dtype"": ""fp32"", ""cpu_threads"": 1, ""gpu_dtype"": ""fp16"", ""graphs"": true, ""split"": ""scorer""}",1,1,,3208.4035389125347,1-short,1,da98b5ec5dff8bff4a9ba124c84677565b54cf546d23634345bb47f56ce7d6c7,63,2.7833605417981744,2.7914022211916745,2.782530093099922,359.38515183709444,28919.93968002498,0.0,0.0,0,1,1,1.0
hybrid-compiled,hybrid-compiled.json,"{""compile_model"": true, ""cpu_dtype"": ""fp32"", ""cpu_threads"": 1, ""gpu_dtype"": ""fp16"", ""graphs"": true, ""split"": ""scorer""}",1,1,,3208.4035389125347,16-short,16,60b67ccbbe143c6ced6d1e8f2020f25a8e4fb6b671950e352f7557bd8247b18a,993,12.16537447180599,12.311993620824069,12.17269862536341,1314.4168349540757,31740.166656905785,0.00010000000000001674,0.00019999999999997797,0,16,16,1.0
hybrid-compiled,hybrid-compiled.json,"{""compile_model"": true, ""cpu_dtype"": ""fp32"", ""cpu_threads"": 1, ""gpu_dtype"": ""fp16"", ""graphs"": true, ""split"": ""scorer""}",1,1,,3208.4035389125347,1-long,1,6c8d2da685689c3c33a26855bddf64ac54d97c6e5a5147feab971b3ec6e3920a,512,8.269229554571211,8.43194352928549,8.303251897450536,120.43474199633086,32452.10952893831,0.000200000000000089,0.00019999999999997797,0,1,1,1.0
hybrid-compiled,hybrid-compiled.json,"{""compile_model"": true, ""cpu_dtype"": ""fp32"", ""cpu_threads"": 1, ""gpu_dtype"": ""fp16"", ""graphs"": true, ""split"": ""scorer""}",1,1,,3208.4035389125347,16-long,16,c78ea353c2e5e6c0579bcfa38baf6cfaa3e678c7db11394d22468411dc20dfc6,8192,90.17464751377702,90.81751408521086,90.20561655052006,177.37254742934024,33845.49251804128,0.0009000000000000119,0.0013000000000000234,0,16,16,1.0
hybrid,hybrid.json,"{""cpu_dtype"": ""fp32"", ""cpu_threads"": 4, ""gpu_dtype"": ""fp16"", ""graphs"": true, ""split"": ""scorer""}",4,1,,2190.956746926531,1-short,1,da98b5ec5dff8bff4a9ba124c84677565b54cf546d23634345bb47f56ce7d6c7,63,4.6025225892663,4.631179058924317,4.607910686172545,217.01809520761935,564.309055916965,0.00010000000000000286,0.00010000000000010001,0,1,1,1.0
hybrid,hybrid.json,"{""cpu_dtype"": ""fp32"", ""cpu_threads"": 4, ""gpu_dtype"": ""fp16"", ""graphs"": true, ""split"": ""scorer""}",4,1,,2190.956746926531,16-short,16,60b67ccbbe143c6ced6d1e8f2020f25a8e4fb6b671950e352f7557bd8247b18a,993,18.325419048778713,18.46111916238442,18.315826437901706,873.5614554028821,53.21656400337815,0.00019999999999997797,0.00020000000000000573,0,16,16,1.0
hybrid,hybrid.json,"{""cpu_dtype"": ""fp32"", ""cpu_threads"": 4, ""gpu_dtype"": ""fp16"", ""graphs"": true, ""split"": ""scorer""}",4,1,,2190.956746926531,1-long,1,6c8d2da685689c3c33a26855bddf64ac54d97c6e5a5147feab971b3ec6e3920a,512,11.009827954694629,11.125141044612974,11.020116799045354,90.74313986278509,37.92566782794893,0.0006000000000000449,0.0009000000000000119,0,1,1,1.0
hybrid,hybrid.json,"{""cpu_dtype"": ""fp32"", ""cpu_threads"": 4, ""gpu_dtype"": ""fp16"", ""graphs"": true, ""split"": ""scorer""}",4,1,,2190.956746926531,16-long,16,c78ea353c2e5e6c0579bcfa38baf6cfaa3e678c7db11394d22468411dc20dfc6,8192,147.35044992994517,147.86545590031892,147.3754543112591,108.56624717307245,317.62653798796237,0.0009000000000000119,0.0014000000000000123,0,16,16,1.0
