Workload,Callers,Policy,Requests/s,"p50, ms","p95, ms",Requests,Source
1-long,1,microbatch-0,130.87,7.637,7.818,48,latency-optimizations/serving/screen-summary.json
1-long,2,microbatch-0,168.11,11.806,11.949,48,latency-optimizations/serving/screen-summary.json
1-long,4,microbatch-0,184.69,21.230,21.721,48,latency-optimizations/serving/screen-summary.json
1-long,8,microbatch-0,181.17,43.049,45.181,48,latency-optimizations/serving/screen-summary.json
1-short,1,microbatch-0,427.52,2.322,2.411,48,latency-optimizations/serving/screen-summary.json
1-short,2,microbatch-0,482.89,4.049,4.367,48,latency-optimizations/serving/screen-summary.json
1-short,4,microbatch-0,734.04,5.282,6.037,48,latency-optimizations/serving/screen-summary.json
1-short,8,microbatch-0,801.22,8.631,14.722,48,latency-optimizations/serving/screen-summary.json
16-long,1,microbatch-0,11.25,88.884,89.524,48,latency-optimizations/serving/screen-summary.json
16-long,2,microbatch-0,11.62,171.849,173.021,48,latency-optimizations/serving/screen-summary.json
16-long,4,microbatch-0,11.50,347.686,349.001,48,latency-optimizations/serving/screen-summary.json
16-long,8,microbatch-0,11.53,692.976,746.494,48,latency-optimizations/serving/screen-summary.json
16-short,1,microbatch-0,88.01,11.314,11.776,48,latency-optimizations/serving/screen-summary.json
16-short,2,microbatch-0,98.52,20.207,20.569,48,latency-optimizations/serving/screen-summary.json
16-short,4,microbatch-0,78.17,51.022,52.237,48,latency-optimizations/serving/screen-summary.json
16-short,8,microbatch-0,96.80,81.315,84.379,48,latency-optimizations/serving/screen-summary.json
mixed,1,microbatch-0,35.93,10.227,89.325,48,latency-optimizations/serving/screen-summary.json
mixed,2,microbatch-0,38.10,16.423,92.651,48,latency-optimizations/serving/screen-summary.json
mixed,4,microbatch-0,37.76,105.608,106.119,48,latency-optimizations/serving/screen-summary.json
mixed,8,microbatch-0,38.27,207.061,384.985,48,latency-optimizations/serving/screen-summary.json
1-long,1,microbatch-0.25,126.56,7.826,8.151,48,latency-optimizations/serving/screen-summary.json
1-long,2,microbatch-0.25,136.27,14.783,17.152,48,latency-optimizations/serving/screen-summary.json
1-long,4,microbatch-0.25,136.59,29.205,34.458,48,latency-optimizations/serving/screen-summary.json
1-long,8,microbatch-0.25,178.20,42.954,46.540,48,latency-optimizations/serving/screen-summary.json
1-short,1,microbatch-0.25,358.45,2.702,2.978,48,latency-optimizations/serving/screen-summary.json
1-short,2,microbatch-0.25,491.38,4.026,4.112,48,latency-optimizations/serving/screen-summary.json
1-short,4,microbatch-0.25,740.83,5.255,5.969,48,latency-optimizations/serving/screen-summary.json
1-short,8,microbatch-0.25,851.74,8.368,13.581,48,latency-optimizations/serving/screen-summary.json
16-long,1,microbatch-0.25,11.14,89.658,90.846,48,latency-optimizations/serving/screen-summary.json
16-long,2,microbatch-0.25,11.18,178.855,182.002,48,latency-optimizations/serving/screen-summary.json
16-long,4,microbatch-0.25,11.47,347.701,355.032,48,latency-optimizations/serving/screen-summary.json
16-long,8,microbatch-0.25,11.52,691.891,698.370,48,latency-optimizations/serving/screen-summary.json
16-short,1,microbatch-0.25,87.23,11.389,11.861,48,latency-optimizations/serving/screen-summary.json
16-short,2,microbatch-0.25,87.18,22.936,24.284,48,latency-optimizations/serving/screen-summary.json
16-short,4,microbatch-0.25,95.11,41.556,44.048,48,latency-optimizations/serving/screen-summary.json
16-short,8,microbatch-0.25,96.27,81.441,85.460,48,latency-optimizations/serving/screen-summary.json
mixed,1,microbatch-0.25,35.90,9.805,89.269,48,latency-optimizations/serving/screen-summary.json
mixed,2,microbatch-0.25,38.02,16.483,92.811,48,latency-optimizations/serving/screen-summary.json
mixed,4,microbatch-0.25,37.66,105.568,107.242,48,latency-optimizations/serving/screen-summary.json
mixed,8,microbatch-0.25,37.89,208.214,387.678,48,latency-optimizations/serving/screen-summary.json
1-long,1,priority-3,132.57,7.499,7.830,48,latency-optimizations/serving/screen-summary.json
1-long,2,priority-3,192.64,10.267,10.539,48,latency-optimizations/serving/screen-summary.json
1-long,4,priority-3,190.30,20.742,21.701,48,latency-optimizations/serving/screen-summary.json
1-long,8,priority-3,184.69,41.433,43.028,48,latency-optimizations/serving/screen-summary.json
1-short,1,priority-3,437.22,2.279,2.353,48,latency-optimizations/serving/screen-summary.json
1-short,2,priority-3,654.22,3.040,3.108,48,latency-optimizations/serving/screen-summary.json
1-short,4,priority-3,648.58,6.111,6.261,48,latency-optimizations/serving/screen-summary.json
1-short,8,priority-3,641.94,12.338,12.461,48,latency-optimizations/serving/screen-summary.json
16-long,1,priority-3,11.27,88.669,88.981,48,latency-optimizations/serving/screen-summary.json
16-long,2,priority-3,11.29,177.305,178.097,48,latency-optimizations/serving/screen-summary.json
16-long,4,priority-3,11.26,355.586,357.116,48,latency-optimizations/serving/screen-summary.json
16-long,8,priority-3,11.34,707.591,708.415,48,latency-optimizations/serving/screen-summary.json
16-short,1,priority-3,91.81,10.847,11.081,48,latency-optimizations/serving/screen-summary.json
16-short,2,priority-3,90.71,21.976,22.499,48,latency-optimizations/serving/screen-summary.json
16-short,4,priority-3,90.31,44.168,45.917,48,latency-optimizations/serving/screen-summary.json
16-short,8,priority-3,90.27,88.752,91.333,48,latency-optimizations/serving/screen-summary.json
mixed,1,priority-3,36.48,9.443,88.217,48,latency-optimizations/serving/screen-summary.json
mixed,2,priority-3,38.12,13.859,98.464,48,latency-optimizations/serving/screen-summary.json
mixed,4,priority-3,38.37,15.301,201.726,48,latency-optimizations/serving/screen-summary.json
mixed,8,priority-3,38.39,23.153,412.019,48,latency-optimizations/serving/screen-summary.json
1-long,1,serial-current,131.12,7.562,7.980,48,latency-optimizations/serving/screen-summary.json
1-long,2,serial-current,128.17,15.526,17.224,48,latency-optimizations/serving/screen-summary.json
1-long,4,serial-current,132.46,30.200,32.325,48,latency-optimizations/serving/screen-summary.json
1-long,8,serial-current,131.80,60.106,60.433,48,latency-optimizations/serving/screen-summary.json
1-short,1,serial-current,439.05,2.251,2.438,48,latency-optimizations/serving/screen-summary.json
1-short,2,serial-current,441.22,4.517,4.597,48,latency-optimizations/serving/screen-summary.json
1-short,4,serial-current,435.16,9.196,9.391,48,latency-optimizations/serving/screen-summary.json
1-short,8,serial-current,437.97,18.361,18.570,48,latency-optimizations/serving/screen-summary.json
16-long,1,serial-current,11.22,89.073,89.296,48,latency-optimizations/serving/screen-summary.json
16-long,2,serial-current,11.21,178.464,179.040,48,latency-optimizations/serving/screen-summary.json
16-long,4,serial-current,11.21,357.120,358.286,48,latency-optimizations/serving/screen-summary.json
16-long,8,serial-current,11.24,713.386,714.857,48,latency-optimizations/serving/screen-summary.json
16-short,1,serial-current,89.81,11.069,11.480,48,latency-optimizations/serving/screen-summary.json
16-short,2,serial-current,89.71,22.247,22.778,48,latency-optimizations/serving/screen-summary.json
16-short,4,serial-current,89.89,44.303,45.756,48,latency-optimizations/serving/screen-summary.json
16-short,8,serial-current,89.91,88.930,89.925,48,latency-optimizations/serving/screen-summary.json
mixed,1,serial-current,36.40,9.324,88.827,48,latency-optimizations/serving/screen-summary.json
mixed,2,serial-current,36.25,21.565,95.284,48,latency-optimizations/serving/screen-summary.json
mixed,4,serial-current,36.32,109.913,111.546,48,latency-optimizations/serving/screen-summary.json
mixed,8,serial-current,36.43,218.757,222.775,48,latency-optimizations/serving/screen-summary.json
1-long,1,serial-fifo,126.66,7.677,9.220,48,latency-optimizations/serving/screen-summary.json
1-long,2,serial-fifo,129.33,15.292,16.761,48,latency-optimizations/serving/screen-summary.json
1-long,4,serial-fifo,127.64,31.199,34.151,48,latency-optimizations/serving/screen-summary.json
1-long,8,serial-fifo,129.64,61.166,68.034,48,latency-optimizations/serving/screen-summary.json
1-short,1,serial-fifo,432.89,2.289,2.392,48,latency-optimizations/serving/screen-summary.json
1-short,2,serial-fifo,422.78,4.714,4.806,48,latency-optimizations/serving/screen-summary.json
1-short,4,serial-fifo,422.41,9.479,9.583,48,latency-optimizations/serving/screen-summary.json
1-short,8,serial-fifo,417.09,19.282,19.582,48,latency-optimizations/serving/screen-summary.json
16-long,1,serial-fifo,11.24,89.078,89.368,48,latency-optimizations/serving/screen-summary.json
16-long,2,serial-fifo,11.19,178.607,180.177,48,latency-optimizations/serving/screen-summary.json
16-long,4,serial-fifo,11.20,357.281,359.682,48,latency-optimizations/serving/screen-summary.json
16-long,8,serial-fifo,11.23,714.482,715.143,48,latency-optimizations/serving/screen-summary.json
16-short,1,serial-fifo,91.04,10.940,11.201,48,latency-optimizations/serving/screen-summary.json
16-short,2,serial-fifo,90.03,22.178,22.576,48,latency-optimizations/serving/screen-summary.json
16-short,4,serial-fifo,88.83,45.055,46.050,48,latency-optimizations/serving/screen-summary.json
16-short,8,serial-fifo,89.74,89.107,90.424,48,latency-optimizations/serving/screen-summary.json
mixed,1,serial-fifo,36.25,9.617,89.043,48,latency-optimizations/serving/screen-summary.json
mixed,2,serial-fifo,36.18,21.536,95.418,48,latency-optimizations/serving/screen-summary.json
mixed,4,serial-fifo,36.10,110.781,112.241,48,latency-optimizations/serving/screen-summary.json
mixed,8,serial-fifo,36.05,222.047,223.585,48,latency-optimizations/serving/screen-summary.json
1-long,1,streams-2,132.64,7.421,8.097,48,latency-optimizations/serving/screen-summary.json
1-long,2,streams-2,192.70,10.317,10.485,48,latency-optimizations/serving/screen-summary.json
1-long,4,streams-2,189.03,20.779,22.074,48,latency-optimizations/serving/screen-summary.json
1-long,8,streams-2,187.71,41.558,43.426,48,latency-optimizations/serving/screen-summary.json
1-short,1,streams-2,431.04,2.299,2.416,48,latency-optimizations/serving/screen-summary.json
1-short,2,streams-2,645.10,3.075,3.184,48,latency-optimizations/serving/screen-summary.json
1-short,4,streams-2,630.39,6.212,6.909,48,latency-optimizations/serving/screen-summary.json
1-short,8,streams-2,639.65,12.439,12.575,48,latency-optimizations/serving/screen-summary.json
16-long,1,streams-2,11.38,87.860,88.095,48,latency-optimizations/serving/screen-summary.json
16-long,2,streams-2,11.65,171.823,172.314,48,latency-optimizations/serving/screen-summary.json
16-long,4,streams-2,11.66,342.773,344.514,48,latency-optimizations/serving/screen-summary.json
16-long,8,streams-2,11.64,687.130,689.331,48,latency-optimizations/serving/screen-summary.json
16-short,1,streams-2,89.78,11.136,11.398,48,latency-optimizations/serving/screen-summary.json
16-short,2,streams-2,107.67,18.477,19.022,48,latency-optimizations/serving/screen-summary.json
16-short,4,streams-2,108.84,36.596,37.673,48,latency-optimizations/serving/screen-summary.json
16-short,8,streams-2,106.57,74.271,78.301,48,latency-optimizations/serving/screen-summary.json
mixed,1,streams-2,36.77,9.308,87.724,48,latency-optimizations/serving/screen-summary.json
mixed,2,streams-2,40.01,42.970,92.210,48,latency-optimizations/serving/screen-summary.json
mixed,4,streams-2,40.13,99.355,126.814,48,latency-optimizations/serving/screen-summary.json
mixed,8,streams-2,39.67,200.473,228.025,48,latency-optimizations/serving/screen-summary.json
1-long,1,streams-4,132.95,7.482,7.723,48,latency-optimizations/serving/screen-summary.json
1-long,2,streams-4,191.02,10.362,10.522,48,latency-optimizations/serving/screen-summary.json
1-long,4,streams-4,201.87,19.433,20.479,48,latency-optimizations/serving/screen-summary.json
1-long,8,streams-4,201.67,39.003,42.307,48,latency-optimizations/serving/screen-summary.json
1-short,1,streams-4,408.73,2.407,2.715,48,latency-optimizations/serving/screen-summary.json
1-short,2,streams-4,646.48,3.078,3.161,48,latency-optimizations/serving/screen-summary.json
1-short,4,streams-4,814.56,4.834,4.986,48,latency-optimizations/serving/screen-summary.json
1-short,8,streams-4,811.79,9.633,9.882,48,latency-optimizations/serving/screen-summary.json
16-long,1,streams-4,11.23,89.025,89.370,48,latency-optimizations/serving/screen-summary.json
16-long,2,streams-4,11.58,172.681,174.538,48,latency-optimizations/serving/screen-summary.json
16-long,4,streams-4,11.66,343.245,348.382,48,latency-optimizations/serving/screen-summary.json
16-long,8,streams-4,11.58,689.920,700.441,48,latency-optimizations/serving/screen-summary.json
16-short,1,streams-4,90.68,10.997,11.170,48,latency-optimizations/serving/screen-summary.json
16-short,2,streams-4,105.35,19.019,19.555,48,latency-optimizations/serving/screen-summary.json
16-short,4,streams-4,106.64,37.381,38.405,48,latency-optimizations/serving/screen-summary.json
16-short,8,streams-4,106.59,74.277,76.735,48,latency-optimizations/serving/screen-summary.json
mixed,1,streams-4,36.21,10.022,89.110,48,latency-optimizations/serving/screen-summary.json
mixed,2,streams-4,39.43,44.948,94.023,48,latency-optimizations/serving/screen-summary.json
mixed,4,streams-4,38.94,103.149,106.925,48,latency-optimizations/serving/screen-summary.json
mixed,8,streams-4,38.78,205.488,212.713,48,latency-optimizations/serving/screen-summary.json
